merchant_category,fraud_count,total_fraud_amount,avg_fraud_amount
electronics,710,5122656.39,7215.008999999999
online_retail,710,4698132.2,6617.087605633803
travel,687,4815027.23,7008.77326055313
grocery,421,50569.83,120.11836104513064
clothing,418,89593.22,214.33784688995215
entertainment,418,43008.159999999996,102.89033492822966
restaurant,416,33362.71,80.19882211538462
fuel,412,29482.8,71.56019417475729
healthcare,406,111464.94,274.5441871921182
atm_withdrawal,402,114462.92,284.733631840796
