metric,value,count
total_ingress,38841874.1,10000
validated,2006923.8199999926,5000
fraud,15107760.400000008,5000
